id,first_name,last_name
1,Rachel,Rees
2,Samantha,Subin
3,April,Roach
4,Marie,Ryan
5,Melanie,Boylan
6,Andrea,D'Ambrosio
7,Aisling,Kenny
8,Annie,Palmer
9,Samantha,Kelly
10,Theodara,Lau
11,Gail,Conway
12,Priyanka,Salve
13,Tasmin,Lockwood
14,Rana,Foroohar
15,Seema,Mody
16,Laura,McKeown
17,Teresa,Mannion
18,Annemarie,Roberts
19,Ruth,McGann
20,Lucy ,Norris
21,Julie,Iannuzzi
22,Kristy,March
23,Belinda,Grant-Geary
24,Subhasree,Kar
25,Casey,Bond
26,Claire,Boston
27,Mary,McKenna
28,Anniek,Bao
29,Julie,Boorstin
30,Katie,Brigham